Workbook

Sheet 파라미터
A1: 밸런스 파라미터 (파란값만 바꾸면 전체 자동 재계산)
A3: 항목 | B3: 값 | C3: 설명
A4: 티어 성장배수 | B4: 2.5 | C4: 던전 1단계 올라갈 때 장비 데미지/방어/체력 배수
A5: 데미지 피스 기본값 | B5: 100 | C5: 1티어 데미지 장비 1칸 데미지 (무기/보조/모자)
A6: 방어 피스 기본값 | B6: 60 | C6: 1티어 방어 장비 1칸 방어력 (방어구/기타/벨트)
A7: 체력 피스 기본값 | B7: 600 | C7: 1티어 방어 장비 1칸 체력
A8: 아르카나 풀스택 데미지배수 | B8: 1.9 | C8: 특수아이템 4000개 시 데미지 배수 (< 성장배수 2.5 → 다음던전 못 넘음)
A9: 최대 클리어 시간(분) | B9: 20 | C9: 갓 입장(이전티어 풀셋) 시 클리어 시간 상한
A10: 최소 클리어 시간(분) | B10: 5 | C10: 아무리 세도 이 밑으로는 안 내려감(모든 몹 처치 최소시간)
A11: 스킬 1개당 데미지배수 | B11: 1.2 | C11: 보스3/6/9 스킬 진화 1개당 데미지 배수 (곱연산)
A12: 하드클리어 배수 | B12: 2.5 | C12: 요구 데미지의 몇 배면 무조건 성공 & 최소시간
A13: 일반던전 특수아이템 드랍률 | B13: 0.7 | C13: 아르카나/어비스 드랍 확률
A14: 일반던전 히든 드랍률 | B14: 0.01 | C14: 히든 재료(기타 제작용)
A15: 보스던전 재료 드랍률 | B15: 0.03 | C15: 장비 제작 재료
... A23: 보스던전 난이도 배수 | B23: 1.5 | C23: 보스던전 요구치 = 일반던전 요구치 × 이 값

Sheet 장비_티어
A1: 티어별 장비 스탯 (장비 6칸 = 데미지3 + 방어3)
A3: 티어 | B3: 데미지피스(1칸) | C3: 총데미지(3칸) | D3: 방어피스(1칸) | E3: 총방어(3칸) | F3: 체력피스(1칸) | G3: 총체력(3칸) | H3: 총방어+체력
A4: 1 | B4: =파라미터!$B$5*파라미터!$B$4^(A4-1) | C4: =B4*3 | D4: =파라미터!$B$6*파라미터!$B$4^(A4-1) | E4: =D4*3 | F4: =파라미터!$B$7*파라미터!$B$4^(A4-1) | G4: =F4*3 | H4: =E4+G4
A5: 2 | B5: =파라미터!$B$5*파라미터!$B$4^(A5-1) | C5: =B5*3 | D5: =파라미터!$B$6*파라미터!$B$4^(A5-1) | E5: =D5*3 | F5: =파라미터!$B$7*파라미터!$B$4^(A5-1) | G5: =F5*3 | H5: =E5+G5
A6: 3 | B6: =파라미터!$B$5*파라미터!$B$4^(A6-1) | C6: =B6*3 | D6: =파라미터!$B$6*파라미터!$B$4^(A6-1) | E6: =D6*3 | F6: =파라미터!$B$7*파라미터!$B$4^(A6-1) | G6: =F6*3 | H6: =E6+G6
A7: 4 | B7: =파라미터!$B$5*파라미터!$B$4^(A7-1) | C7: =B7*3 | D7: =파라미터!$B$6*파라미터!$B$4^(A7-1) | E7: =D7*3 | F7: =파라미터!$B$7*파라미터!$B$4^(A7-1) | G7: =F7*3 | H7: =E7+G7
A8: 5 | B8: =파라미터!$B$5*파라미터!$B$4^(A8-1) | C8: =B8*3 | D8: =파라미터!$B$6*파라미터!$B$4^(A8-1) | E8: =D8*3 | F8: =파라미터!$B$7*파라미터!$B$4^(A8-1) | G8: =F8*3 | H8: =E8+G8
A9: 6 | B9: =파라미터!$B$5*파라미터!$B$4^(A9-1) | C9: =B9*3 | D9: =파라미터!$B$6*파라미터!$B$4^(A9-1) | E9: =D9*3 | F9: =파라미터!$B$7*파라미터!$B$4^(A9-1) | G9: =F9*3 | H9: =E9+G9
A10: 7 | B10: =파라미터!$B$5*파라미터!$B$4^(A10-1) | C10: =B10*3 | D10: =파라미터!$B$6*파라미터!$B$4^(A10-1) | E10: =D10*3 | F10: =파라미터!$B$7*파라미터!$B$4^(A10-1) | G10: =F10*3 | H10: =E10+G10
A11: 8 | B11: =파라미터!$B$5*파라미터!$B$4^(A11-1) | C11: =B11*3 | D11: =파라미터!$B$6*파라미터!$B$4^(A11-1) | E11: =D11*3 | F11: =파라미터!$B$7*파라미터!$B$4^(A11-1) | G11: =F11*3 | H11: =E11+G11
A12: 9 | B12: =파라미터!$B$5*파라미터!$B$4^(A12-1) | C12: =B12*3 | D12: =파라미터!$B$6*파라미터!$B$4^(A12-1) | E12: =D12*3 | F12: =파라미터!$B$7*파라미터!$B$4^(A12-1) | G12: =F12*3 | H12: =E12+G12
A13: 10 | B13: =파라미터!$B$5*파라미터!$B$4^(A13-1) | C13: =B13*3 | D13: =파라미터!$B$6*파라미터!$B$4^(A13-1) | E13: =D13*3 | F13: =파라미터!$B$7*파라미터!$B$4^(A13-1) | G13: =F13*3 | H13: =E13+G13
A15: 데미지 장비 = 무기·보조·모자 / 방어 장비 = 방어구·기타·벨트

Sheet 특수아이템_스택
A1: 특수아이템(아르카나/어비스) 누적 스택 효과
A3: 보유개수 | B3: 데미지배수 | C3: 경험치배수 | D3: 대표던전 CPR(장비풀셋 기준) | E3: 목표시 기대 런수 | F3: 기대 시간(시)
A4: 100 | B4: 1.15 | C4: 1.1 | D4: =파라미터!$B$22*B4 | E4: =A4/(파라미터!$B$13*파라미터!$B$17) | F4: =E4*파라미터!$B$21/60
A5: 200 | B5: 1.22 | C5: 1.18 | D5: =파라미터!$B$22*B5 | E5: =A5/(파라미터!$B$13*파라미터!$B$17) | F5: =E5*파라미터!$B$21/60
A6: 300 | B6: 1.3 | C6: 1.28 | D6: =파라미터!$B$22*B6 | E6: =A6/(파라미터!$B$13*파라미터!$B$17) | F6: =E6*파라미터!$B$21/60
A7: 500 | B7: 1.42 | C7: 1.45 | D7: =파라미터!$B$22*B7 | E7: =A7/(파라미터!$B$13*파라미터!$B$17) | F7: =E7*파라미터!$B$21/60
A8: 1000 | B8: 1.6 | C8: 1.8 | D8: =파라미터!$B$22*B8 | E8: =A8/(파라미터!$B$13*파라미터!$B$17) | F8: =E8*파라미터!$B$21/60
A9: 2000 | B9: 1.75 | C9: 2.3 | D9: =파라미터!$B$22*B9 | E9: =A9/(파라미터!$B$13*파라미터!$B$17) | F9: =E9*파라미터!$B$21/60
A10: 4000 | B10: 1.9 | C10: 3 | D10: =파라미터!$B$22*B10 | E10: =A10/(파라미터!$B$13*파라미터!$B$17) | F10: =E10*파라미터!$B$21/60
A12: 풀스택 데미지배수 1.90 < 티어 성장배수 2.50 → 풀스택해도 다음 던전 기본치보다 약함(스킵 방지)

Sheet 시간곡선
A1: 클리어 시간 곡선 (네 예시 15/14/13/12/10/7/5 그대로 반영)
A3: 대표 상황(현티어 아르카나) | B3: 데미지배수 | C3: 대표던전 CPR | D3: 클리어 시간(분) [기준] | E3: 연속근사식(분)
A4: 이전티어 풀셋 입장 | B4: - | C4: 1 | D4: 20 | E4: =MAX(파라미터!$B$10,MIN(파라미터!$B$9,파라미터!$B$9-11.35*LOG(C4,2)))
A5: 아르카나 100 | B5: 1.15 | C5: =파라미터!$B$22*B5 | D5: 15 | E5: =MAX(파라미터!$B$10,MIN(파라미터!$B$9,파라미터!$B$9-11.35*LOG(C5,2)))
A6: 아르카나 200 | B6: 1.22 | C6: =파라미터!$B$22*B6 | D6: 14 | E6: =MAX(파라미터!$B$10,MIN(파라미터!$B$9,파라미터!$B$9-11.35*LOG(C6,2)))
A7: 아르카나 300 | B7: 1.3 | C7: =파라미터!$B$22*B7 | D7: 13 | E7: =MAX(파라미터!$B$10,MIN(파라미터!$B$9,파라미터!$B$9-11.35*LOG(C7,2)))
A8: 아르카나 500 | B8: 1.42 | C8: =파라미터!$B$22*B8 | D8: 12 | E8: =MAX(파라미터!$B$10,MIN(파라미터!$B$9,파라미터!$B$9-11.35*LOG(C8,2)))
A9: 아르카나 1000 | B9: 1.6 | C9: =파라미터!$B$22*B9 | D9: 10 | E9: =MAX(파라미터!$B$10,MIN(파라미터!$B$9,파라미터!$B$9-11.35*LOG(C9,2)))
A10: 아르카나 2000 | B10: 1.75 | C10: =파라미터!$B$22*B10 | D10: 7 | E10: =MAX(파라미터!$B$10,MIN(파라미터!$B$9,파라미터!$B$9-11.35*LOG(C10,2)))
A11: 아르카나 4000 | B11: 1.9 | C11: =파라미터!$B$22*B11 | D11: 5 | E11: =MAX(파라미터!$B$10,MIN(파라미터!$B$9,파라미터!$B$9-11.35*LOG(C11,2)))
A13: 시간(분) 열이 '정답' 룩업표. 연속근사식은 다른티어 일반화/구현 참고용 (T = clamp(5,20, 20 - 11.35·log2(CPR)))
A14: CPR = 내 데미지 ÷ 던전 요구데미지(20분 기준). 티어 무관하게 동일 곡선 적용.

Sheet 던전_요구치
A1: 던전별 요구 스펙 (일반 10 / 보스 10 별개 트랙)
A3: 트랙 | B3: 단계 | C3: 요구데미지 min(20분컷) | D3: 요구데미지 max(하드클리어) | E3: 생존요구 min | F3: 생존요구 max
A4: 일반 | B4: 1 | C4: =파라미터!$B$5 | D4: =C4*파라미터!$B$12 | E4: =장비_티어!H4*0.4 | F4: =E4*파라미터!$B$12
A5: 일반 | B5: 2 | C5: =장비_티어!C4*파라미터!$B$8 | D5: =C5*파라미터!$B$12 | E5: =장비_티어!H4 | F5: =E5*파라미터!$B$12
A6: 일반 | B6: 3 | C6: =장비_티어!C5*파라미터!$B$8 | D6: =C6*파라미터!$B$12 | E6: =장비_티어!H5 | F6: =E6*파라미터!$B$12
A7: 일반 | B7: 4 | C7: =장비_티어!C6*파라미터!$B$8 | D7: =C7*파라미터!$B$12 | E7: =장비_티어!H6 | F7: =E7*파라미터!$B$12
A8: 일반 | B8: 5 | C8: =장비_티어!C7*파라미터!$B$8 | D8: =C8*파라미터!$B$12 | E8: =장비_티어!H7 | F8: =E8*파라미터!$B$12
A9: 일반 | B9: 6 | C9: =장비_티어!C8*파라미터!$B$8 | D9: =C9*파라미터!$B$12 | E9: =장비_티어!H8 | F9: =E9*파라미터!$B$12
A10: 일반 | B10: 7 | C10: =장비_티어!C9*파라미터!$B$8 | D10: =C10*파라미터!$B$12 | E10: =장비_티어!H9 | F10: =E10*파라미터!$B$12
A11: 일반 | B11: 8 | C11: =장비_티어!C10*파라미터!$B$8 | D11: =C11*파라미터!$B$12 | E11: =장비_티어!H10 | F11: =E11*파라미터!$B$12
A12: 일반 | B12: 9 | C12: =장비_티어!C11*파라미터!$B$8 | D12: =C12*파라미터!$B$12 | E12: =장비_티어!H11 | F12: =E12*파라미터!$B$12
A13: 일반 | B13: 10 | C13: =장비_티어!C12*파라미터!$B$8 | D13: =C13*파라미터!$B$12 | E13: =장비_티어!H12 | F13: =E13*파라미터!$B$12
A14: 보스 | B14: 1 | C14: =C4*파라미터!$B$23 | D14: =D4*파라미터!$B$23 | E14: =E4*파라미터!$B$23 | F14: =F4*파라미터!$B$23
A15: 보스 | B15: 2 | C15: =C5*파라미터!$B$23 | D15: =D5*파라미터!$B$23 | E15: =E5*파라미터!$B$23 | F15: =F5*파라미터!$B$23
A16: 보스 | B16: 3 | C16: =C6*파라미터!$B$23 | D16: =D6*파라미터!$B$23 | E16: =E6*파라미터!$B$23 | F16: =F6*파라미터!$B$23
A17: 보스 | B17: 4 | C17: =C7*파라미터!$B$23 | D17: =D7*파라미터!$B$23 | E17: =E7*파라미터!$B$23 | F17: =F7*파라미터!$B$23
A18: 보스 | B18: 5 | C18: =C8*파라미터!$B$23 | D18: =D8*파라미터!$B$23 | E18: =E8*파라미터!$B$23 | F18: =F8*파라미터!$B$23
A19: 보스 | B19: 6 | C19: =C9*파라미터!$B$23 | D19: =D9*파라미터!$B$23 | E19: =E9*파라미터!$B$23 | F19: =F9*파라미터!$B$23
A20: 보스 | B20: 7 | C20: =C10*파라미터!$B$23 | D20: =D10*파라미터!$B$23 | E20: =E10*파라미터!$B$23 | F20: =F10*파라미터!$B$23
A21: 보스 | B21: 8 | C21: =C11*파라미터!$B$23 | D21: =D11*파라미터!$B$23 | E21: =E11*파라미터!$B$23 | F21: =F11*파라미터!$B$23
A22: 보스 | B22: 9 | C22: =C12*파라미터!$B$23 | D22: =D12*파라미터!$B$23 | E22: =E12*파라미터!$B$23 | F22: =F12*파라미터!$B$23
A23: 보스 | B23: 10 | C23: =C13*파라미터!$B$23 | D23: =D13*파라미터!$B$23 | E23: =E13*파라미터!$B$23 | F23: =F13*파라미터!$B$23
A25: 요구데미지 min = 이전티어 장비 풀셋 데미지 × 아르카나 풀스택(1.9). max = min × 2.5(하드클리어).

Sheet 성공확률
A1: 성공확률 모델 (컷 근처면 실패 섞임, 스펙 충분하면 100%)
A3: 공식: 성공확률 = p_dmg × p_sur , 둘 다 1.0이면 100%
A4: p_dmg = clamp01( (내데미지 - 요구min) / (요구max - 요구min) )
A5: p_sur = clamp01( (내방어+체력 - 생존min) / (생존max - 생존min) )
A7: 예시 케이스 | B7: 대상 던전(일반) | C7: 내 데미지 | D7: 내 방어+체력 | E7: p_dmg | F7: p_sur | G7: 성공확률
A8: 간신히 컷 | B8: 2 | C8: =던전_요구치!C5*1.05 | D8: =던전_요구치!E5*1.05 | E8: =MAX(0,MIN(1,(C8-던전_요구치!C5)/(던전_요구치!D5-던전_요구치!C5))) | F8: =MAX(0,MIN(1,(D8-던전_요구치!E5)/(던전_요구치!F5-던전_요구치!E5))) | G8: =E8*F8
A9: 어중간 | B9: 2 | C9: =던전_요구치!C5*1.6 | D9: =던전_요구치!E5*1.6 | E9: =MAX(0,MIN(1,(C9-던전_요구치!C5)/(던전_요구치!D5-던전_요구치!C5))) | F9: =MAX(0,MIN(1,(D9-던전_요구치!E5)/(던전_요구치!F5-던전_요구치!E5))) | G9: =E9*F9
A10: 풀스펙 | B10: 2 | C10: =던전_요구치!D5*1.05 | D10: =던전_요구치!F5*1.05 | E10: =MAX(0,MIN(1,(C10-던전_요구치!C5)/(던전_요구치!D5-던전_요구치!C5))) | F10: =MAX(0,MIN(1,(D10-던전_요구치!E5)/(던전_요구치!F5-던전_요구치!E5))) | G10: =E10*F10

Sheet 스킬진화
A1: 보스 스킬 진화 (캐릭터 2명 / 각 3개 = 보스 3·6·9 던전 드랍)
A3: 획득 보스던전 | B3: 스킬 | C3: 개당 데미지배수 | D3: 누적 데미지배수
A4: 보스 3단계 | B4: 스킬 진화 1 | C4: =파라미터!$B$11 | D4: =C4
A5: 보스 6단계 | B5: 스킬 진화 2 | C5: =파라미터!$B$11 | D5: =D4*C5
A6: 보스 9단계 | B6: 스킬 진화 3 | C6: =파라미터!$B$11 | D6: =D5*C6
A8: 3개 모두 획득 시 데미지 × 1.728 (1.2^3). 캐릭터별로 각자 진화.

Sheet 드랍_조합
A1: 드랍 테이블 & 조합법 (기대 런수/시간 = 핵심 튜닝 지표)
A3: ■ 드랍 테이블
A4: 던전 | B4: 드랍 항목 | C4: 확률 | D4: 1개 기대 런수 | E4: 1개 기대 시간(시)
A5: 일반 | B5: 특수아이템(아르카나/어비스) | C5: =파라미터!$B$13 | D5: =1/C5 | E5: =D5*파라미터!$B$21/60
A6: 일반 | B6: 히든 재료 | C6: =파라미터!$B$14 | D6: =1/C6 | E6: =D6*파라미터!$B$21/60
A7: 보스 | B7: 제작 재료 | C7: =파라미터!$B$15 | D7: =1/C7 | E7: =D7*파라미터!$B$21/60
A8: 보스 | B8: 히든 재료 | C8: =파라미터!$B$16 | D8: =1/C8 | E8: =D8*파라미터!$B$21/60
A11: ■ 조합법 (제작 1개당 필요 재료 & 기대 런수)
A12: 제작 부위 | B12: 필요 재료 | C12: 기대 런수 | D12: 기대 시간(시)
A13: 무기/방어구/보조/모자/벨트 (각 1칸) | B13: =CONCATENATE("보스재료 ", 파라미터!$B$18, "개") | C13: =파라미터!$B$18/파라미터!$B$15 | D13: =C13*파라미터!$B$21/60
A14: 기타 (1칸) | B14: =CONCATENATE("보스히든 ", 파라미터!$B$19, " + 던전히든 ", 파라미터!$B$20) | C14: =파라미터!$B$19/파라미터!$B$16+파라미터!$B$20/파라미터!$B$14 | D14: =C14*파라미터!$B$21/60
A16: 기타만 히든 2종 요구 → 가장 희귀(엔드 부위). 기대시간이 과하면 파라미터에서 재료수↓ 또는 드랍률↑.

Sheet 진행시뮬_2던전
A1: 진행 시뮬: 일반 2던전 (2티어 장비 풀셋 + 아르카나 스택)
A3: 아르카나 개수 | B3: 데미지배수 | C3: 내 데미지 | D3: 요구데미지(20분컷) | E3: CPR | F3: 클리어 시간(분)
A4: 0 | B4: 1 | C4: =장비_티어!C5*B4 | D4: =던전_요구치!C5 | E4: =C4/D4 | F4: =파라미터!$B$9
A5: 100 | B5: =VLOOKUP(A5,특수아이템_스택!$A$4:$B$10,2,FALSE) | C5: =장비_티어!C5*B5 | D5: =던전_요구치!C5 | E5: =C5/D5 | F5: =VLOOKUP(A5,시간곡선_룩업!$A$1:$B$7,2,FALSE)
A6: 200 | B6: =VLOOKUP(A6,특수아이템_스택!$A$4:$B$10,2,FALSE) | C6: =장비_티어!C5*B6 | D6: =던전_요구치!C5 | E6: =C6/D6 | F6: =VLOOKUP(A6,시간곡선_룩업!$A$1:$B$7,2,FALSE)
A7: 300 | B7: =VLOOKUP(A7,특수아이템_스택!$A$4:$B$10,2,FALSE) | C7: =장비_티어!C5*B7 | D7: =던전_요구치!C5 | E7: =C7/D7 | F7: =VLOOKUP(A7,시간곡선_룩업!$A$1:$B$7,2,FALSE)
A8: 500 | B8: =VLOOKUP(A8,특수아이템_스택!$A$4:$B$10,2,FALSE) | C8: =장비_티어!C5*B8 | D8: =던전_요구치!C5 | E8: =C8/D8 | F8: =VLOOKUP(A8,시간곡선_룩업!$A$1:$B$7,2,FALSE)
A9: 1000 | B9: =VLOOKUP(A9,특수아이템_스택!$A$4:$B$10,2,FALSE) | C9: =장비_티어!C5*B9 | D9: =던전_요구치!C5 | E9: =C9/D9 | F9: =VLOOKUP(A9,시간곡선_룩업!$A$1:$B$7,2,FALSE)
A10: 2000 | B10: =VLOOKUP(A10,특수아이템_스택!$A$4:$B$10,2,FALSE) | C10: =장비_티어!C5*B10 | D10: =던전_요구치!C5 | E10: =C10/D10 | F10: =VLOOKUP(A10,시간곡선_룩업!$A$1:$B$7,2,FALSE)
A11: 4000 | B11: =VLOOKUP(A11,특수아이템_스택!$A$4:$B$10,2,FALSE) | C11: =장비_티어!C5*B11 | D11: =던전_요구치!C5 | E11: =C11/D11 | F11: =VLOOKUP(A11,시간곡선_룩업!$A$1:$B$7,2,FALSE)
A13: CPR 1.32~2.50 구간이 곧 클리어 시간 15→5분. 다음 던전(요구치 2.5배)은 풀스택해도 CPR<1 → 못 넘음(게이팅).

Sheet 시간곡선_룩업
A1: 100 | B1: 15
A2: 200 | B2: 14
A3: 300 | B3: 13
A4: 500 | B4: 12
A5: 1000 | B5: 10
A6: 2000 | B6: 7
A7: 4000 | B7: 5
